Title,Author,Description,Link
"Electrolytes, Nerve Function, and Muscle Cramps: An In-Depth Analysis",Vince Lawrence,"Electrolytes are essential minerals that carry an electric charge and play a pivotal role in various physiological processes, including nerve function and muscle contraction. Understanding the intricate relationship between electrolytes, nerve function, and muscle cramps is crucial for appreciating how our bodies maintain homeostasis and respond to physical demands.
The Science of Electrolytes
Electrolytes are ions found in body fluids that conduct electricity. The primary electrolytes include sodium (Na+), potassium (K+), calcium (Ca2+), magnesium (Mg2+), chloride (Cl-), bicarbonate (HCO3-), and phosphate (PO4^3-). These ions are vital for numerous bodily functions:


Sodium (Na+): Essential for fluid balance, nerve signal transmission, and muscle function.

Potassium (K+): Crucial for muscle contraction, nerve signal conduction, and heart function.

Calcium (Ca2+): Important for muscle contractions, blood clotting, and bone health.

Magnesium (Mg2+): Involved in over 300 enzymatic reactions, including energy production, protein synthesis, and neuromuscular function.

Chloride (Cl-): Helps maintain fluid balance and is involved in the production of stomach acid.

Bicarbonate (HCO3-): Acts as a buffer to maintain pH balance in the blood.

Phosphate (PO4^3-): Plays a role in energy production and bone health.

Electrolytes and Nerve Function
Nerve cells, or neurons, communicate through electrical impulses known as action potentials. This process relies heavily on the proper balance of electrolytes:


Resting Membrane Potential: Neurons maintain a resting membrane potential due to the difference in ion concentration inside and outside the cell. Sodium-potassium pumps actively transport Na+ out of the cell and K+ into the cell, creating a charge difference across the membrane.

Action Potential: When a neuron is stimulated, sodium channels open, allowing Na+ to rush into the cell, causing depolarization. This change in electrical charge propagates along the nerve fiber, transmitting the signal.

Repolarization: Following depolarization, potassium channels open, allowing K+ to exit the cell, restoring the resting membrane potential.

Disruption in electrolyte balance can impair these processes, leading to altered nerve function and symptoms such as muscle weakness, twitching, or cramps.
Muscle Contraction and Electrolytes
Muscle contraction is a highly coordinated event that also depends on the interplay of various electrolytes:


Excitation-Contraction Coupling: When a nerve impulse reaches a muscle fiber, it triggers the release of calcium ions from the sarcoplasmic reticulum. Calcium binds to troponin, causing a conformational change that allows actin and myosin filaments to interact, leading to muscle contraction.

Relaxation: For muscles to relax, calcium ions must be pumped back into the sarcoplasmic reticulum, a process requiring ATP and adequate magnesium levels.

Electrolyte Imbalance and Muscle Cramps
Muscle cramps are sudden, involuntary contractions of a muscle or group of muscles. They can be caused by various factors, including dehydration, overexertion, and electrolyte imbalances. Key electrolytes implicated in muscle cramps include:


Sodium and Chloride: These electrolytes help regulate fluid balance and nerve transmission. A deficiency can lead to muscle cramps, particularly in athletes who lose large amounts of sodium through sweat.

Potassium: Low potassium levels can disrupt nerve signal transmission and muscle contraction, leading to cramps.

Calcium: Insufficient calcium can impair muscle contraction and relaxation, causing cramps.

Magnesium: Magnesium deficiency can lead to increased neuromuscular excitability, resulting in cramps.

The Importance of Electrolytes
Maintaining electrolyte balance is crucial for overall health and optimal physiological function. Here are some key points highlighting their importance:


Hydration: Electrolytes help maintain fluid balance, preventing dehydration, which can impair cognitive function, physical performance, and thermoregulation.

Nerve Function: Proper electrolyte levels ensure efficient nerve signal transmission, vital for coordination, reflexes, and muscle function.

Muscle Function: Adequate electrolyte levels support muscle contraction and relaxation, essential for movement and preventing cramps.

Cardiovascular Health: Electrolytes such as potassium and calcium are critical for heart function, helping regulate heartbeat and blood pressure.

Conclusion
Electrolytes are indispensable for maintaining physiological balance and ensuring the proper functioning of nerves and muscles. Imbalances in electrolyte levels can lead to a range of issues, from minor muscle cramps to severe cardiovascular complications. Therefore, it is essential to monitor and maintain adequate electrolyte intake, particularly during periods of increased physical activity or heat exposure, to support overall health and performance. Understanding the science behind electrolytes, nerve function, and muscle cramps underscores their significance and the need for proper management.",https://mjfitness.au/blogs/supplements/electrolytes-nerve-function-and-muscle-cramps-an-in-depth-analysis
The Art Of Stacking Pre-Workouts: A Beginner's Guide,Brandon Verde,"Stacking pre-workouts means combining different types of pre-workout supplements, usually stimulant-based and stimulant-free, to maximise their benefits. This guide will help you understand how to tailor your pre-workouts to fit your needs, whether you're training early or late, need more or less energy, or want to boost muscle pumps, power, endurance, and focus.




Types of Pre-Workouts
Stimulant-Based Pre-Workouts: These are what most people think of when they think of pre-workouts. They contain caffeine and other stimulants to boost energy and alertness.
Stimulant-Free Pre-Workouts: These don't contain caffeine but still enhance muscle pumps, endurance, power, and focus. They're great for late workouts or when you want to avoid stimulants.
Fat Burners: These are designed to increase metabolism and promote fat loss with ingredients like green tea extract, capsaicin, and L-carnitine.
Why Stack?
Every day is different, and so are your needs. Sometimes you need more energy, sometimes less. Stacking allows you to customise your pre-workout to match your daily requirements.
Why You Would Consider Stacking Your Pre-Workouts:
Training Different Muscle Groups: You might want more pump for arms, shoulders, and chest, and less for back and legs where range of motion is important.
Training Later Than Usual: Using stim-free options can prevent disrupting your sleep cycle.
Cutting Down on Stims: You can reduce stimulant intake without cutting them out completely.
Slept Less: On days when you have less energy, you might need more stimulants.
Cheat Sheet For Key Ingredients


Muscle Pumps: 4-6 grams of citrulline


Endurance: 3.2 grams of beta-alanine or 2 grams of taurine


Power: 1 gram of betaine


Focus: 600mg of Alpha GPC


Step-By-Step Guide On Stacking
Step 1: Assess Your Goals
Identify your primary goals: energy and focus, power and endurance, muscle pumps, or fat loss.
Step 2: Select Your Supplements


Stimulant Pre-Workout: Choose one with 200-300 mg of caffeine.

Stim-Free Pre-Workout: Look for key ingredients such as Citrulline, Beta-Alanine, Betaine, and Alpha GPC.

Fat Burner: Pick one with carnitine and minimal stimulants if combining with other pre-workouts.

Step 3: Plan Your Dosages
""But I can just take half a scoop of my normal stimulant pre-workout, right?"" Well... yes. If energy is the only thing you care about. But by doing this, you're also cutting the doses of all the other effects like pumps, power, endurance, and focus.


Morning Workouts: Use a stimulant pre-workout to boost energy. Avoid caffeine before this.

Afternoon/Evening Workouts: Use a stim-free pre-workout to avoid disrupting sleep. Add a fat burner with minimal stimulants if needed.

Step 4: Timing And Consumption
Consume your pre-workout stack 20-30 minutes before exercise for optimal absorption.
Step 5: Monitor And Adjust
Pay attention to your body's response. Adjust dosages as needed. More stimulants for energy, or more of other ingredients for pumps, power, and endurance.
Safety Considerations


Avoid Overuse Of Stimulants: Too much can cause jitters and anxiety. Keep total daily caffeine intake below 400 mg.

Stay Hydrated: Especially important when using thermogenic fat burners.

Consult a Professional: Talk to a healthcare provider before starting any supplement stack, especially if you have health conditions or take medication.

Conclusion
Stacking pre-workouts can optimise your training and fat loss efforts when done correctly. Understand your goals, select the right supplements, and manage dosages carefully to enhance your performance safely.
If you need any extra guidance, feel free to reach out to us via email or on socials!",https://mjfitness.au/blogs/supplements/the-art-of-stacking-pre-workouts-a-beginners-guide
Missed a Creatine Dose? Here’s What to Do,Brandon Verde,"Ever forget to take your creatine and worry about losing your gains? Don't panic! Missing a dose isn’t the end of the world. Let’s dive into why forgetting a dose isn’t a disaster and how you can get back on track.
Don't Stress If You Forget Creatine
If you forgot to take your creatine yesterday, don’t stress. Missing a day or two isn’t a big deal. Creatine is a saturation-based supplement, which means it builds up in your muscles over time. Your gains won’t disappear overnight just because you missed a dose. The key is consistent use over the long term, not daily perfection.
Creatine Builds Up Gradually
Creatine takes several weeks to fully saturate your muscles. This gradual buildup means that missing a day won’t significantly impact your progress. Your muscles retain creatine, so a single missed dose won’t undo weeks of consistent supplementation. The effects of creatine are cumulative, so stay focused on your overall routine.
No Need to Double Up
When you forget a dose, resist the urge to double up or take extra the next day. This won't make up for missed days and can be counterproductive. Stick to your regular dosage to maintain the balance and effectiveness of creatine in your system. Doubling up can lead to digestive discomfort and doesn’t provide any extra benefits.
Get Back On Track Immediately
As soon as you remember, resume your regular creatine schedule. The important thing is to get back on track promptly rather than worrying about the days you missed. This approach ensures you continue to benefit from creatine’s muscle-saturating properties without interruption. Consistency is key, so focus on maintaining your routine moving forward.
Stay Calm & Creatine On
Remember, creatine works through consistent use over time. Missing an occasional dose isn’t a setback. Stay calm, get back to your routine, and keep working towards your fitness goals. Creatine’s long-term benefits rely on overall consistency, not daily perfection. Your gains are built on regular supplementation, balanced with proper diet and exercise.",https://mjfitness.au/blogs/supplements/missed-a-creatine-dose-here-s-what-to-do
Is Ozempic Worth The Hype? Exploring Natural Alternatives For Weight Loss,Brandon Verde,"Ozempic is celebrated for its effectiveness in weight loss, but it comes with a range of side effects and unknown long-term impacts. If you're seeking safer, natural ways to manage your appetite and achieve your weight loss goals, consider these alternatives:
Coffee: The Natural Appetite Suppressant
Caffeine, found in coffee, is a well-known appetite suppressant. It works by stimulating the central nervous system, which can help reduce hunger and boost metabolism. A cup of black coffee before meals can help you feel full and eat less, contributing to weight loss.
Green Vegetables: Packed With Fibre
Fibre is essential for feeling full, and green vegetables are a great source. Foods like broccoli, spinach, and kale are not only low in calories but also high in fibre, which slows down digestion and prolongs the feeling of fullness. Incorporating more greens into your diet can naturally curb your appetite and reduce overall calorie intake.
Water: The Ultimate Hydration Hack
Drinking water between meals is a simple yet effective way to manage hunger. Staying hydrated helps keep your stomach full, reducing the likelihood of overeating. Aim to drink a glass of water before each meal to help control your appetite and promote weight loss.
Fat Burners: Targeted Ingredients For Appetite Suppression
Certain ingredients in fat burners can help suppress appetite. Look for supplements containing Green Tea Extract, Garcinia Cambogia, Yerba Mate, and Caffeine. These natural compounds can help manage hunger and support your weight loss efforts.
Berberine: Nature’s Blood Sugar Regulator
Berberine, a compound found in plants like barberry and goldenseal, is another natural alternative. Similar to Ozempic, berberine helps decrease blood sugar levels, which can lead to weight reduction. However, it doesn’t suppress hunger or slow stomach emptying like Ozempic does. Berberine is taken orally and offers a gentler approach to managing weight.
While Ozempic offers rapid results, the potential side effects and long-term risks might make natural alternatives more appealing. These options can help you achieve your weight loss goals without compromising your health.",https://mjfitness.au/blogs/supplements/is-ozempic-worth-the-hype-exploring-natural-alternatives-for-weight-loss
Top Supplements For Cycling,Brandon Verde,"Maximise your rides and speed up recovery with these must-have supplements. Whether you’re a weekend warrior or a serious cyclist, the right supplementation can make all the difference.
Pre-Workout Essentials
Before you hit the road, it’s crucial to fuel up properly. A pre-workout supplement with beta alanine, citrulline, and caffeine can give you the boost you need. Beta alanine helps your muscles endure longer rides, citrulline increases blood flow and delivers essential nutrients to your working muscles, and caffeine enhances focus and stamina. This trio sets you up for a strong start and sustained energy throughout your ride.
Intra-Ride Fuel
Staying energised during your ride is just as important as your pre-ride prep. Simple carbohydrates and electrolytes are key here. Simple carbs, like those found in carb powders, provide quick energy to keep your glucose levels up. Electrolytes replace the minerals you lose through sweat, preventing cramps and fatigue. Mix carb powder into your water bottle for steady energy, and keep energy gels handy for a quick boost on the go.
Post-Ride Recovery
After a long or intense ride, your muscles need help to recover. A good whey protein blend is essential for this. Protein aids in repairing and rebuilding muscle tissue, ensuring your legs are ready for the next ride. Consuming protein soon after your ride can significantly speed up recovery time, reducing soreness and fatigue.
Fuel Up, Power On
Using the right supplements can make a big difference in your cycling performance. Pre-workout supplements prepare you for the ride, intra-ride fuels keep you going strong, and post-ride recovery aids help you bounce back faster. By incorporating these into your routine, you’ll not only improve your performance but also enjoy your rides more.",https://mjfitness.au/blogs/supplements/top-supplements-for-cyclists
Ozempic: A New Tool In The Fight Against Obesity,Brandon Verde,"In the fight against obesity, new medications are making a big difference. Enter, Ozempic. Originally created to help people with type 2 diabetes, Ozempic is now being recognised for its ability to aid in weight loss. Let's take a closer look at how Ozempic works and why it might be a game-changer for weight loss.
What Is Ozempic?
Ozempic contains an active ingredient called semaglutide. It belongs to a group of drugs known as GLP-1 receptor agonists. These drugs mimic a natural hormone in the body called GLP-1, which helps control blood sugar levels, insulin release, and feelings of hunger and fullness.
Ozempic & Weight Loss
During clinical trials, people taking Ozempic for diabetes also lost weight. This unexpected result led researchers to study Ozempic specifically for weight loss. The results were impressive: many people lost a significant amount of weight, sometimes more than 15% of their body weight.
How Does Ozempic Help With Weight Loss?


Increases Fullness: Ozempic makes you feel full sooner, which helps you eat less.

Slows Stomach Emptying: Food stays in your stomach longer, reducing hunger.

Decreases Appetite: You may not feel as hungry as often.

Boosts Metabolism: Ozempic may help your body burn calories more efficiently.

These effects combined make it easier to reduce calorie intake and lose weight.
Potential Side Effects
Like any medication, Ozempic can cause side effects. Most are mild to moderate and tend to lessen over time. Common side effects include:

Nausea
Vomiting
Diarrhea
Constipation
Abdominal pain
Decreased appetite

In rare cases, more serious side effects can occur, such as:

Pancreatitis (inflammation of the pancreas)
Allergic reactions
Kidney problems
Thyroid tumors

It's crucial to talk to your healthcare provider about these potential risks.
Who Should Avoid Ozempic?
Ozempic isn't suitable for everyone. We recommend other weight loss alternatives. You should not use it if you:

Are pregnant or breastfeeding
Have a history of medullary thyroid carcinoma or multiple endocrine neoplasia syndrome type 2
Have severe gastrointestinal disease

Always discuss your medical history and current medications with your healthcare provider before starting Ozempic.
Conclusion
Ozempic offers a new option for those struggling with obesity. Its ability to significantly reduce weight and improve overall health makes it a valuable tool. However, there are much safer methods to dropping excess body fat. It's important to weigh the benefits against the risks and side effects and work closely with a healthcare professional to ensure it's the right choice for you.",https://mjfitness.au/blogs/supplements/what-is-ozempic
Myo-Reps,Brandon Verde,"Overview
Myo-Reps are a specific rest-pause training technique that involves taking a working set to the point of failure to ensure maximum muscle fibre activation, and then maintaining this muscle fibre activation over a sustained period of time by utilising short rest breaks and multiple short sets.

How To Perform
To perform Myo-Reps, begin with performing an ‘activation’ set to failure within the 10-12 rep range. Rack the weight and take 4-5 deep breaths over no more than 15 seconds, then begin the first Myo-Rep set of 6-8 reps to failure. Rack the weight again resting another 4-5 breaths over no more than 15 seconds, then perform another Myo-Rep set of 4-6 reps to failure. Continue with this short “rest to work” ratio until you can no longer perform a single rep with good form.
Capped Myo-Rep Sets
Myo-Reps can be performed using a capped number of total Myo-Reps performed for an exercise. For example capping a set at 20 total Myo-Reps would look like this;
Perform an ‘activation’ set of 10-12 reps (+20 reps), with the (+20 reps) made up of Myo-Rep sets which can be broken down into any rep and set combination depending how heavy the weight is.
For example:
(5+5+5+5) = 20 Total Myo-Reps
(6+4+4+4+2) = 20 Total Myo-Reps
(8+5+4+3) = 20 Total Myo-Reps
Auto-Regulated Myo-Reps
Another variation of Myo-Reps that is best used over 6-8 week training blocks to help manage fatigue and recovery are known as “Auto-Regulated” Myo-Reps.
By prescribing a set number of Myo-Reps to perform after each 10-15 second rest period, and stopping the exercise once that number is not reached, the training volume for any particular day is auto-regulated based on recovery and energy levels. For example, using the rule of 4 Myo-Reps following each rest period would look something like this;
Perform an ‘activation’ set of 8-10 reps, rest 5 breaths over no more than 15 seconds, then get 4 Myo-Reps. Rest another 5 breaths over no more than 15 seconds, then get another 4 Myo-Reps. Continue this pattern until only get 3 Myo-Reps are achieved on a set and then stop.
This “Auto-Regulation” will differ depending on energy and recovery on any given day as follows
Week 1 Chest: (Good Energy/Recovery)
Set 1: 1 2 3 4 5 6 7 8 9 10 repsMyo-Reps: 1 2 3 4Myo-Reps: 1 2 3 4Myo-Reps: 1 2 3 4Myo-Reps: 1 2 3 4
Overview: Total of 26 reps performed in 2 minutes, 16 effective Myo-Reps
Week 4 Chest: (Poor Energy/Recovery)
Set 1: 1 2 3 4 5 6 7 8 9 10 repsMyo-Reps: 1 2 3 4Myo-Reps: 1 2 3 
Overview: Total of 17 reps performed in 1-2 minutes, 7 effective Myo-Reps

Workout Programming
Myo-Reps extend the efficiency of conventional sets and can therefore be applied to any exercise selection. They also require no change of equipment or weight making them highly suitable for athletes who prefer not to rely on training partners.
The added volume of Myo-Reps make them extremely effective during 4-8 week hypertrophy cycles, particularly for lagging muscle groups that require additional volume to spurt new muscle growth.
However, Myo-Reps can severely stress the central nervous systems (CNS), impede recovery, and increase DOMS (delayed onset muscle soreness). They are therefore not optimal for power athletes or bodybuilders focused on increasing pure strength.

Advantages
Muscle tissue is very efficient at producing the force required for resistance training and will essentially recruit smaller fibres first and save the most powerful muscle fibres (those with the greatest growth potential) until they are absolutely needed – usually towards the end of a conventional set.
With conventional sets of 8-12 reps, activation of these larger muscle fibres will only occur on the last 2-3 reps. This activation begins to decline immediately following a conventional set with a typical rest period of 2-5 minutes, with the smaller fibres taking over once again at the beginning of the next set.
Using Myo-Reps immediately following the ‘activation’ set does not allow the smaller fibres to recover and is an effective way to sustain full activation of the powerful muscle fibres that have the greatest potential for hypertrophic growth for a longer period of time.
Myo-Reps are therefore highly effective at increasing the muscle growth gains (hypertrophy) that athletes seek without spending nearly as much time and energy as compared to traditional straight sets.
Comparing Conventional Straight Sets to Myo-Rep Sets clearly highlights this advantage:
Conventional Sets 
Set 1: 1 2 3 4 5 6 7 8 9 10 (rest 2-3 minutes)
Set 2: 1 2 3 4 5 6 7 8 9 10 (rest 2-3 minutes)
Set 3: 1 2 3 4 5 6 7 8 9
Overview: Total of 29 reps performed in 7 minutes, with only 9 reps effectively activating the largest muscle fibres
Myo-Rep Set
1 2 3 4 5 6 7 8 9 10 (rest 15 seconds)
Myo-Rep 1: 1 2 3 4 (rest 15 seconds)
Myo-Rep 2: 1 2 3 (rest 15 seconds)
Myo-Rep 3: 1 2 3 (rest 15 seconds)
Myo-Rep 4: 1 2 3 (rest 15 seconds)
Overview: Total of 23 reps performed in 2 minutes, with 16 reps effectively activating the largest muscle fibres

Example Workout (Hamstrings)
Stiff Leg Deadlift
Warm Up Sets: Use a light weight for 10-12 reps
Working Set: Working set of 6-8 (+12 Myo-Reps). Use a heavy weight that allows you to hit failure at 6-8 reps, rack the weight for 4-5 breaths then get another 2-4 reps. Rack the weight again for 4-5 breaths and get 2-4 reps. Continue until a total of 12 Myo-Reps are completed.
Seated Hamstring Curl
Warm Up Sets: Use a light weight for 12-15 reps
Working Set: Working set of 12 (+15 Myo-Reps). Use a heavy weight that allows you to hit failure at 12 reps, rack the weight for 4-5 breaths then get another 4-6 reps. Rack the weight again for 4-5 breaths and get 4-6 reps. Continue until a total of 15 Myo-Reps are completed.
Dumbbell Stiff Leg Deadlift
Warm Up Sets: Use a light weight for 12-15 reps
Working set of 15 (+20 Myo-Reps). Use a heavy weight that allows you to hit failure at 15 reps, rack the weight for 4-5 breaths then get another 6-8 reps. Rack the weight again for 4-5 breaths and get 6-8 reps. Continue until a total of 20 Myo-Reps are completed.",https://mjfitness.au/blogs/workouts/myo-reps
