URL,Title
https://www.hevyapp.com/,
https://www.hevyapp.com/2-day-split-workout/,2-day-split-workout
https://www.hevyapp.com/3-day-split-workout-complete-guide/,3-day-split-workout-complete-guide
https://www.hevyapp.com/4-day-workout-split-complete-guide/,4-day-workout-split-complete-guide
https://www.hevyapp.com/5-day-split-workout-complete-guide/,5-day-split-workout-complete-guide
https://www.hevyapp.com/bro-split-workout-program-guide/,bro-split-workout-program-guide
https://www.hevyapp.com/upper-lower-split-complete-guide/,upper-lower-split-complete-guide
https://www.hevyapp.com/push-pull-legs-ultimate-guide/,push-pull-legs-ultimate-guide
https://www.hevyapp.com/5x5-workout/,5x5-workout
https://www.hevyapp.com/upper-body-workout-exercises/,upper-body-workout-exercises
https://www.hevyapp.com/chest-exercises-for-women/,chest-exercises-for-women
